gb_id,label
346122,Clinical Neurology
278156,Gastroenterology & Hepatology
39805,Cell Biology
326575,Rheumatology
39602,Rheumatology
634804,Rheumatology
460921,Parasitología animal
461013,Parasitología animal
454959,Parasitología animal
455160,Parasitología animal
454806,Parasitología
460955,Parasitología animal
157098,Neurosciences
425522,Biochemistry & Molecular Biology;Parasitology
428029,Parasitology
444025,Virology
428012,Genetics & Heredity
156283,"Biochemistry & Molecular Biology;Chemistry, Medicinal"
278235,"Medicine, General & Internal"
39306,Rheumatology
157118,Rheumatology
157078,Rheumatology
157206,Rheumatology
157224,Rheumatology
435316,"Medicine, General & Internal"
417108,Gastroenterology & Hepatology
39374,Biochemistry & Molecular Biology
39520,Rheumatology
39596,Rheumatology
39304,Rheumatology
157076,Rheumatology
267458,"Medicine, General & Internal"
39305,Rheumatology
361221,Endocrinology & Metabolism
386102,Rheumatology
300906,Multidisciplinary Sciences
457586,"Medicine, General & Internal"
98840,Rheumatology
39737,Rheumatology
39628,Rheumatology
39657,Rheumatology
326576,"Medicine, General & Internal"
348450,Rheumatology
326632,Rheumatology
340962,Immunology;Microbiology;Infectious Diseases
341117,"Medicine, General & Internal"
326577,Rheumatology
267469,Clinical Neurology
98998,Rheumatology
267463,Gastroenterology & Hepatology
213493,Rheumatology
198831,Hematology
854723,Clinical Neurology;Neurosciences
815841,Multidisciplinary Sciences
815565,Multidisciplinary Sciences
39442,Rheumatology
812901,Oncology
39419,Rheumatology
545955,Rheumatology
549377,Rheumatology
858203,Pharmacology & Pharmacy
353083,Pharmacology & Pharmacy
15473,Cell Biology
127675,Genetics & Heredity
250188,Genetics & Heredity
92066,Cell Biology
218310,Genetics & Heredity;Immunology
326590,Rheumatology
417987,Cell Biology;Immunology;Pathology
361222,Cell Biology
221122,Genetics & Heredity;Biotechnology & Applied Microbiology
127667,Rheumatology
353105,Cell Biology
98984,"Pharmacology & Pharmacy;Chemistry, Medicinal"
231366,Immunology
510162,Immunology
470690,Parasitology;Virology;Microbiology
953561,Rheumatology
369660,Parasitology
250193,Parasitology
134522,"Pharmacology & Pharmacy;Chemistry, Medicinal"
39523,Rheumatology
98862,Genetics & Heredity
98848,Cell Biology
39402,Immunology
157090,Biochemistry & Molecular Biology;Biochemical Research Methods
381737,Immunology
916139,Rheumatology
949536,Immunology
500264,Immunology
348453,Pharmacology & Pharmacy
542370,Parasitology
463109,Farmacología
311060,Patología
406201,Patología
426129,Parasitology
39262,Biochemistry & Molecular Biology
39282,Pharmacology & Pharmacy
39270,"Biochemistry & Molecular Biology;Chemistry, Multidisciplinary"
39227,Parasitology
39267,Biochemistry & Molecular Biology
39264,Pharmacology & Pharmacy
98880,Rheumatology
157119,"Biochemistry & Molecular Biology;Pharmacology & Pharmacy;Chemistry, Medicinal"
439350,Enfermedades infecciosas
437810,Enfermedades infecciosas
39396,Cell Biology
939206,Biochemistry & Molecular Biology;Biophysics
934301,Immunology
353078,Microbiology
386108,Cell Biology;Biochemistry & Molecular Biology
386097,Pharmacology & Pharmacy
950846,Rheumatology
393076,Biochemistry & Molecular Biology
417104,Multidisciplinary Sciences
417089,Parasitology
442385,Biochemistry & Molecular Biology
98845,Pathology
114783,Immunology
559710,Pharmacology & Pharmacy
168768,Immunology
157214,Biochemistry & Molecular Biology
168742,Biochemistry & Molecular Biology;Genetics & Heredity
213170,Multidisciplinary Sciences
216125,Oncology
213863,"Medicine, General & Internal"
214976,Immunology
206867,Pharmacology & Pharmacy
213086,Cell Biology
155487,Microbiology
39795,Immunology
39675,Immunology
39760,Immunology
39625,Microbiology;Infectious Diseases;Pharmacology & Pharmacy
39643,Neurosciences;Pharmacology & Pharmacy
39772,Oncology
37664,"Pharmacology & Pharmacy;Chemistry, Medicinal"
39707,Rheumatology
157225,Pharmacology & Pharmacy
267483,Pharmacology & Pharmacy
346097,Rheumatology
341053,Pharmacology & Pharmacy
326583,Rheumatology
346149,Pharmacology & Pharmacy
39287,Parasitology;Tropical Medicine
39271,Parasitology
39221,Parasitology;Tropical Medicine
39272,Cell Biology
278244,Immunology
346112,Pharmacology & Pharmacy
326601,Neurosciences;Pharmacology & Pharmacy
267493,Pharmacology & Pharmacy
299281,Rheumatology
267470,"Biochemistry & Molecular Biology;Pharmacology & Pharmacy;Chemistry, Medicinal"
267979,Virology
267471,Biochemistry & Molecular Biology;Microbiology
259842,Infectious Diseases
221118,Genetics & Heredity;Biotechnology & Applied Microbiology
218317,"Biochemistry & Molecular Biology;Pharmacology & Pharmacy;Chemistry, Medicinal"
213494,"Chemistry, Organic"
223828,"Biochemistry & Molecular Biology;Pharmacology & Pharmacy;Chemistry, Medicinal"
157226,Biochemistry & Molecular Biology
127679,Biochemistry & Molecular Biology
155481,Parasitology;Tropical Medicine;Infectious Diseases
127673,Microbiology
787230,Immunology;Microbiology
490957,Pharmacology & Pharmacy
487350,Oncology
498557,Genetics & Heredity
493371,Pharmacology & Pharmacy
488917,"Immunology;Medicine, Research & Experimental"
421159,"Pharmacology & Pharmacy;Chemistry, Medicinal"
494818,Rheumatology
492468,Rheumatology
786752,"Biochemistry & Molecular Biology;Chemistry, Multidisciplinary"
299798,Pharmacology & Pharmacy
398520,Plant Sciences
278143,"Biochemistry & Molecular Biology;Chemistry, Multidisciplinary"
292498,Genetics & Heredity
152599,Microbiology
337071,Oncology
319238,Biochemistry & Molecular Biology;Genetics & Heredity
319237,Pharmacology & Pharmacy
319239,"Biochemistry & Molecular Biology;Chemistry, Multidisciplinary"
344832,Genetics & Heredity
226650,Parasitology
456471,Biochemistry & Molecular Biology;Neurosciences
337087,Virology
39553,Biochemistry & Molecular Biology
39570,Virology
39535,Microbiology;Infectious Diseases;Pharmacology & Pharmacy
39665,Rheumatology
39652,Neurosciences
39591,"Medicine, General & Internal"
230308,"Biochemistry & Molecular Biology;Chemistry, Multidisciplinary"
293501,Genetics & Heredity
226649,Oncology
233028,Oncology
238218,Neurosciences
155468,Parasitology
801807,"Biochemistry & Molecular Biology;Chemistry, Multidisciplinary"
39490,Genetics & Heredity
39427,Cell Biology;Immunology
39501,Genetics & Heredity
39412,Clinical Neurology
645914,Genetics & Heredity
568146,Genetics & Heredity;Immunology
218311,Genetics & Heredity;Immunology
568208,Genetics & Heredity;Immunology
218313,Genetics & Heredity;Immunology
530760,Genetics & Heredity;Immunology
558376,Immunology
551986,Immunology;Neurosciences
668550,Rheumatology
155462,Rheumatology
177042,Rheumatology
175178,Rheumatology
933453,Immunology
39342,Rheumatology
39313,Rheumatology
39351,Rheumatology
39606,Rheumatology
39620,Rheumatology
39613,Rheumatology
39623,Rheumatology
39686,Rheumatology
39689,Rheumatology
39619,Rheumatology
39624,Rheumatology
39556,Rheumatology
753859,Rheumatology
39584,Rheumatology
39550,Rheumatology
39548,Rheumatology
39586,Rheumatology
682526,Rheumatology
39712,Rheumatology
39706,Rheumatology
39704,Rheumatology
39728,Rheumatology
39777,Rheumatology
177028,Rheumatology
175110,Rheumatology
177029,Rheumatology
98983,Biochemistry & Molecular Biology
486179,Biochemistry & Molecular Biology;Genetics & Heredity
326611,Rheumatology
412800,Cell Biology;Immunology;Pathology
407303,Rheumatology
407297,Cell Biology;Immunology;Pathology
407295,Cell Biology;Immunology;Pathology
407287,Biochemistry & Molecular Biology
407319,Biochemistry & Molecular Biology
650373,Rheumatology
861966,Rheumatology
346141,Rheumatology
418034,Biochemistry & Molecular Biology
417457,Immunology
418477,Cell Biology;Immunology;Pathology
417689,Cell Biology;Immunology;Pathology
418883,Cell Biology;Immunology;Pathology
418228,Biochemistry & Molecular Biology
417099,Microbiology
417095,Cell Biology;Immunology;Pathology
98897,Cell Biology;Immunology;Pathology
98916,Rheumatology
157073,Cell Biology
98938,Cell Biology
98930,Rheumatology
39224,Biochemistry & Molecular Biology
98902,Gastroenterology & Hepatology
386123,Immunology
386122,Cell Biology;Immunology;Pathology
353099,Cell Biology;Immunology;Pathology
386121,Genetics & Heredity;Immunology
827020,Rheumatology
954150,Rheumatology
400083,Immunology
221119,Cell Biology
417091,Immunology
417100,Immunology
417093,Immunology
419204,Biochemistry & Molecular Biology
426131,Immunology
425523,"Immunology;Medicine, Research & Experimental"
39811,Biochemical Research Methods
98835,Rheumatology
189108,"Biochemistry & Molecular Biology;Chemistry, Multidisciplinary"
168747,"Chemistry, Medicinal"
166947,Multidisciplinary Sciences
192486,Biochemistry & Molecular Biology;Genetics & Heredity
822651,"Biochemistry & Molecular Biology;Chemistry, Multidisciplinary"
39646,Pharmacology & Pharmacy
39662,Biochemistry & Molecular Biology
39725,Multidisciplinary Sciences
39730,Rheumatology
39753,Biochemistry & Molecular Biology;Biochemical Research Methods
39801,Biochemistry & Molecular Biology
39736,Rheumatology
267478,Cell Biology;Immunology;Pathology
340943,Pharmacology & Pharmacy
326588,Gastroenterology & Hepatology
326563,Rheumatology
326609,Cell Biology;Immunology;Pathology
346098,Immunology
346120,Genetics & Heredity;Immunology
346095,Cell Biology;Biochemistry & Molecular Biology
346128,Multidisciplinary Sciences
346090,Immunology
346094,Immunology
353135,Cell Biology;Biochemistry & Molecular Biology;Genetics & Heredity;Oncology
326617,Cell Biology;Immunology;Pathology
326615,Biochemistry & Molecular Biology;Multidisciplinary Sciences;Neurosciences
326633,Rheumatology
326608,Pathology
341106,Biochemistry & Molecular Biology;Multidisciplinary Sciences;Neurosciences
326606,Rheumatology
98948,Rheumatology
267508,Cell Biology;Immunology;Pathology
326555,Oncology
267480,Rheumatology
326587,Cell Biology;Immunology;Pathology
326550,Gastroenterology & Hepatology
346091,Immunology
346119,Rheumatology
346107,Immunology
346132,Cell Biology;Immunology;Pathology
346104,Cell Biology;Immunology;Pathology
346146,Cell Biology;Immunology;Pathology
346125,Gastroenterology & Hepatology
326580,Rheumatology
326624,Biochemistry & Molecular Biology;Multidisciplinary Sciences;Neurosciences
326570,Microbiology;Pharmacology & Pharmacy
326581,Biochemistry & Molecular Biology;Multidisciplinary Sciences;Neurosciences
326559,Pathology
326553,Multidisciplinary Sciences
353129,Oncology
98967,Rheumatology
98981,Hematology
98961,Cell Biology;Immunology;Pathology
157101,Immunology
267444,Pathology
267494,Rheumatology
267504,Rheumatology
98980,Rheumatology
157116,"Genetics & Heredity;Biotechnology & Applied Microbiology;Medicine, Research & Experimental"
933452,Rheumatology
157213,Cell Biology;Biochemistry & Molecular Biology
155483,Neurosciences
134523,Rheumatology
814801,"Pharmacology & Pharmacy;Chemistry, Medicinal"
478539,Immunology
778955,Parasitology;Tropical Medicine
114795,Pharmacology & Pharmacy
39568,Virology
39655,Parasitology;Tropical Medicine
127678,Multidisciplinary Sciences
234007,Cell Biology
98865,Biochemistry & Molecular Biology
39514,Biochemistry & Molecular Biology
39413,Cell Biology;Biochemistry & Molecular Biology
17323,Biochemical Research Methods
39506,Biochemistry & Molecular Biology
548787,Rheumatology
187839,Rheumatology
668576,Rheumatology
187857,"Chemistry, Multidisciplinary"
668534,Rheumatology
668575,Rheumatology
187846,Rheumatology
187840,Rheumatology
187844,Rheumatology
190401,Clinical Neurology;Neurosciences
190400,Clinical Neurology;Neurosciences
187842,"Chemistry, Multidisciplinary"
187836,"Chemistry, Multidisciplinary"
177053,"Chemistry, Multidisciplinary"
187834,Rheumatology
172695,Cell Biology;Immunology;Pathology
187841,"Chemistry, Multidisciplinary"
187851,"Chemistry, Multidisciplinary"
557672,Clinical Neurology;Neurosciences
155463,Rheumatology
155486,Clinical Neurology;Neurosciences
127677,Rheumatology
689293,Rheumatology
134518,Neurosciences
134520,Neurosciences
127682,Clinical Neurology;Neurosciences
177051,"Genetics & Heredity;Biotechnology & Applied Microbiology;Medicine, Research & Experimental"
693629,Clinical Neurology;Neurosciences
177050,"Chemistry, Multidisciplinary"
262968,Rheumatology
177044,Rheumatology
177035,Rheumatology
177045,Rheumatology
177040,"Chemistry, Multidisciplinary"
175033,Rheumatology
854724,Obstetrics & Gynecology;Reproductive Biology
916135,Rheumatology
933455,Immunology
908320,Clinical Neurology;Neurosciences
815816,Clinical Neurology;Neurosciences
859140,Rheumatology
806749,"Genetics & Heredity;Biotechnology & Applied Microbiology;Medicine, Research & Experimental"
797359,Obstetrics & Gynecology;Reproductive Biology
830158,Rheumatology
810773,Rheumatology
348448,Infectious Diseases
177014,Dermatology
39299,Rheumatology
39286,Rheumatology
39301,Rheumatology
39300,Rheumatology
39298,Endocrinology & Metabolism
39297,"Chemistry, Multidisciplinary"
98881,Pharmacology & Pharmacy
696858,Neurosciences
696541,Neurosciences
696539,Neurosciences
754698,Rheumatology
756075,Rheumatology
39477,Biochemistry & Molecular Biology
39478,Biochemistry & Molecular Biology
38192,Biochemistry & Molecular Biology
39486,Clinical Neurology;Neurosciences
39484,Immunology
39408,Immunology
98866,Rheumatology
39479,Biochemistry & Molecular Biology
39480,Biochemistry & Molecular Biology
39409,Immunology
98867,Rheumatology
98868,Rheumatology
296974,Rheumatology
39464,Rheumatology
39410,Clinical Neurology;Neurosciences
39371,"Genetics & Heredity;Biotechnology & Applied Microbiology;Medicine, Research & Experimental"
737518,Clinical Neurology;Neurosciences
39314,Rheumatology
725448,Rheumatology
39392,Rheumatology
737533,Clinical Neurology;Neurosciences
39312,Rheumatology
725323,Rheumatology
39338,Rheumatology
39393,Rheumatology
39373,Rheumatology
729527,Rheumatology
36030,Clinical Neurology;Neurosciences
39352,Rheumatology
39357,Rheumatology
39341,Rheumatology
754309,Biochemistry & Molecular Biology
39481,Biochemistry & Molecular Biology
39485,Immunology
39483,Immunology
37499,Immunology;Neurosciences
39482,Biochemistry & Molecular Biology
250204,Clinical Neurology;Neurosciences
916124,Rheumatology
801720,Pharmacology & Pharmacy
953560,Biochemistry & Molecular Biology;Genetics & Heredity
638537,Clinical Neurology;Neurosciences
155465,Rheumatology
175159,Rheumatology
141262,Infectious Diseases
141192,Infectious Diseases
157104,Infectious Diseases
524898,Rheumatology
500846,Clinical Neurology;Neurosciences
576702,Clinical Neurology;Neurosciences
584475,Obstetrics & Gynecology;Reproductive Biology
346142,Biochemistry & Molecular Biology
346117,Endocrinology & Metabolism;Physiology
346113,Rheumatology
346110,Endocrinology & Metabolism;Physiology
346109,Endocrinology & Metabolism;Physiology
340957,Biochemistry & Molecular Biology
340922,Cell Biology;Immunology;Pathology
98913,"Genetics & Heredity;Biotechnology & Applied Microbiology;Medicine, Research & Experimental"
98887,Endocrinology & Metabolism;Neurosciences
98888,Endocrinology & Metabolism;Neurosciences
250196,"Genetics & Heredity;Biotechnology & Applied Microbiology;Medicine, Research & Experimental"
640656,"Genetics & Heredity;Biotechnology & Applied Microbiology;Medicine, Research & Experimental"
177009,"Genetics & Heredity;Biotechnology & Applied Microbiology;Medicine, Research & Experimental"
250198,Clinical Neurology;Neurosciences
98889,Endocrinology & Metabolism;Neurosciences
98893,"Genetics & Heredity;Biotechnology & Applied Microbiology;Medicine, Research & Experimental"
643122,"Genetics & Heredity;Biotechnology & Applied Microbiology;Medicine, Research & Experimental"
98955,Rheumatology
177008,Rheumatology
98950,"Genetics & Heredity;Biotechnology & Applied Microbiology;Medicine, Research & Experimental"
250194,Rheumatology
98951,"Genetics & Heredity;Biotechnology & Applied Microbiology;Medicine, Research & Experimental"
98947,Immunology;Neurosciences
98957,Rheumatology
250195,"Genetics & Heredity;Biotechnology & Applied Microbiology;Medicine, Research & Experimental"
95389,"Genetics & Heredity;Biotechnology & Applied Microbiology;Medicine, Research & Experimental"
182626,Endocrinology & Metabolism
98973,Biochemistry & Molecular Biology
361265,Endocrinology & Metabolism;Physiology
361249,Immunology;Neurosciences
346114,Endocrinology & Metabolism;Physiology
382397,Genetics & Heredity;Immunology
346129,Endocrinology & Metabolism;Physiology
346144,Endocrinology & Metabolism;Physiology
346148,Endocrinology & Metabolism;Physiology
361250,Cell Biology;Immunology;Pathology
361246,Genetics & Heredity;Immunology
361248,Dermatology
361241,Parasitology;Tropical Medicine
361256,Genetics & Heredity;Immunology
361257,Parasitology;Tropical Medicine
39681,Biochemistry & Molecular Biology
39626,Rheumatology
39650,Rheumatology
39618,Biochemistry & Molecular Biology
39636,"Pharmacology & Pharmacy;Chemistry, Medicinal;Plant Sciences;Integrative & Complementary Medicine"
770072,Rheumatology
177021,Endocrinology & Metabolism
39682,Rheumatology
39616,Rheumatology
39544,Biochemistry & Molecular Biology;Neurosciences
39476,Rheumatology
39580,"Genetics & Heredity;Biotechnology & Applied Microbiology;Medicine, Research & Experimental"
766110,Biochemistry & Molecular Biology;Neurosciences
39555,Rheumatology
39545,Rheumatology
747195,Rheumatology
39549,Rheumatology
374585,Neurosciences
374482,Neurosciences
421168,Clinical Neurology;Neurosciences
374655,Neurosciences
374880,Gastroenterology & Hepatology
35990,Immunology;Neurosciences
39293,Biochemistry & Molecular Biology;Neurosciences
39294,Biochemistry & Molecular Biology;Neurosciences
39292,Immunology;Neurosciences
267473,Cell Biology;Immunology;Pathology
267499,Cell Biology;Immunology
267461,Biochemistry & Molecular Biology
299751,"Genetics & Heredity;Biotechnology & Applied Microbiology;Medicine, Research & Experimental"
267475,Cell Biology;Immunology;Pathology
267485,Cell Biology;Immunology
267438,Rheumatology
267447,Oncology
267474,Cell Biology;Immunology;Pathology
267477,Cell Biology;Immunology;Pathology
341007,Cell Biology;Immunology;Pathology
341062,Clinical Neurology;Neurosciences
341112,Endocrinology & Metabolism;Physiology
353092,Genetics & Heredity;Immunology
353044,Genetics & Heredity;Immunology
353040,Rheumatology
353057,Rheumatology
395039,Rheumatology
693624,Neurosciences
693689,Neurosciences
177052,Clinical Neurology;Neurosciences
39748,Clinical Neurology;Neurosciences
686155,Neurosciences
39732,Neurosciences
39705,Rheumatology
39742,Cell Biology;Immunology;Pathology
39734,Rheumatology
177025,"Chemistry, Multidisciplinary"
39774,Rheumatology
39713,Rheumatology
177032,"Chemistry, Multidisciplinary"
177033,"Chemistry, Multidisciplinary"
39747,Clinical Neurology;Neurosciences
177031,"Chemistry, Multidisciplinary"
237345,Clinical Neurology;Neurosciences
250203,Obstetrics & Gynecology;Reproductive Biology
425534,Immunology;Allergy
426128,Rheumatology
417112,Immunology
432732,Biochemistry & Molecular Biology;Biophysics
187835,"Chemistry, Multidisciplinary"
177048,Rheumatology
177046,Rheumatology
177047,Rheumatology
177043,Rheumatology
250206,Rheumatology
668223,Rheumatology
187856,Rheumatology
187848,Rheumatology
187847,Rheumatology
262097,Rheumatology
187837,Rheumatology
250190,Rheumatology
250199,Rheumatology
700745,Rheumatology
213388,Rheumatology
250192,Rheumatology
250200,Rheumatology
213396,Rheumatology
213395,Rheumatology
213394,Rheumatology
700737,Rheumatology
213393,Rheumatology
644025,Clinical Neurology;Neurosciences
916127,Rheumatology
177037,"Pharmacology & Pharmacy;Chemistry, Medicinal;Plant Sciences;Integrative & Complementary Medicine"
39727,Gastroenterology & Hepatology
868572,Obstetrics & Gynecology;Reproductive Biology
177027,Rheumatology
177026,Rheumatology
177036,Rheumatology
623298,"Medicine, General & Internal"
39296,Endocrinology & Metabolism;Physiology
716918,Endocrinology & Metabolism;Physiology
341045,Gastroenterology & Hepatology
494815,Obstetrics & Gynecology;Reproductive Biology
823678,Rheumatology
495929,Rheumatology
495928,Rheumatology
495927,Rheumatology
155470,Rheumatology
823679,Rheumatology
830253,Rheumatology
823677,Rheumatology
823680,Rheumatology
155469,Rheumatology
381267,Rheumatology
381266,Rheumatology
381265,Rheumatology
381264,Rheumatology
700723,Rheumatology
39600,Rheumatology
39645,Rheumatology
747122,Rheumatology
747242,Rheumatology
39640,Dermatology
39644,Rheumatology
39404,Endocrinology & Metabolism
747323,Dermatology
39403,Endocrinology & Metabolism
39347,Rheumatology
39391,Rheumatology
393075,Genetics & Heredity;Immunology
393068,Genetics & Heredity;Immunology
464739,Parasitología animal
278172,Rheumatology
534738,Rheumatology
548810,Rheumatology
451147,Parasitología animal
464360,Parasitología animal
393078,Genetics & Heredity;Immunology
393071,Genetics & Heredity;Immunology
393081,Genetics & Heredity;Immunology
807991,Infectious Diseases
450229,Parasitología animal
448739,Parasitología animal
450724,Parasitología
454447,Parasitología
448741,Parasitología animal
451153,Invertebrados
454824,Parasitología
451557,Invertebrados
460323,Nemátodos
451688,Parasitología
450228,Parasitología animal
450728,Parasitología
450233,Parasitología animal
460546,Parasitología animal
448727,Parasitología animal
448744,Parasitología animal
466834,Parasitología animal
437292,Enfermedades infecciosas
452479,Parasitología
459905,Parasitología
451564,Protistas
456286,Parasitología animal
456216,Parasitología
460029,Parasitología animal
455764,Plaguicidas;Análisis cromatográfico
545958,Rheumatology
450755,Patología
455811,Parasitología
454815,Parasitología
452172,Parasitología
453750,Parasitología animal
451262,Plaguicidas;Análisis cromatográfico
455942,Parasitología animal
448751,Parasitología animal
450725,Parasitología
157117,Rheumatology
39426,Rheumatology
157115,Rheumatology
157067,Rheumatology
157075,Rheumatology
549393,Rheumatology
549378,Rheumatology
157204,Rheumatology
450549,Parasitología animal
540721,Microbiology;Pharmacology & Pharmacy
412802,"Chemistry, Multidisciplinary"
450231,Parasitología animal
448726,Parasitología animal
157233,Rheumatology
157228,Rheumatology
157230,Rheumatology
157231,Rheumatology
157234,Rheumatology
157236,Rheumatology
156051,Rheumatology
326634,Infectious Diseases
463620,Farmacología
461440,Farmacología
448747,Parasitología animal
448743,Parasitología animal
454278,Parasitología
453164,Parasitología animal
460051,Nemátodos
450756,Patología
451151,Invertebrados
451152,Invertebrados
463851,Parasitología animal
453267,Protistas
532831,Multidisciplinary Sciences
454220,Parasitología
622266,Infectious Diseases
461001,Parasitología animal
450721,Parasitología
450232,Parasitología animal
450722,Parasitología
450727,Parasitología
450723,Parasitología
452171,Parasitología
450234,Parasitología animal
450726,Parasitología
464616,Parasitología animal
448742,Parasitología animal
452480,Parasitología
452653,Parasitología
452489,Invertebrados
453939,Invertebrados
461162,Parasitología animal
453985,Invertebrados
451660,Plaguicidas;Análisis cromatográfico
463636,Parasitología animal
463529,Parasitología animal
454562,Nemátodos
454838,Nemátodos
454156,Parasitología
464147,Parasitología animal
453577,Parasitología
341145,Rheumatology
341120,Rheumatology
326631,Rheumatology
326596,Rheumatology
341064,Rheumatology
326562,Rheumatology
407290,Immunology
407293,Cell Biology;Biochemistry & Molecular Biology;Biology
407323,Biochemistry & Molecular Biology;Biophysics
407326,Rheumatology
890420,Biochemistry & Molecular Biology
407314,Biochemistry & Molecular Biology
407289,Cell Biology;Immunology;Pathology
407316,Cell Biology;Immunology;Pathology
407299,Genetics & Heredity
407310,Cell Biology;Biochemistry & Molecular Biology;Immunology
407301,Parasitology
407330,Biochemistry & Molecular Biology;Parasitology
407320,Cell Biology;Biochemistry & Molecular Biology
407322,Cell Biology;Biochemistry & Molecular Biology
407286,Immunology
407311,Biochemistry & Molecular Biology
407321,"Chemistry, Medicinal"
403708,Oncology
407294,"Chemistry, Medicinal"
403710,Rheumatology
407292,Biochemistry & Molecular Biology
407313,Biochemistry & Molecular Biology;Biophysics
407307,Immunology
407285,Biochemistry & Molecular Biology
407315,Biochemistry & Molecular Biology
407298,Microbiology
407304,Biochemistry & Molecular Biology;Parasitology
407302,"Chemistry, Medicinal;Chemistry, Organic"
300649,Microbiology;Pharmacology & Pharmacy
407318,Pharmacology & Pharmacy
346150,Rheumatology
346130,Rheumatology
419288,Parasitology;Tropical Medicine
418119,Cell Biology;Immunology;Pathology
418582,Parasitology
424206,"Chemistry, Inorganic & Nuclear"
417476,Cell Biology
420538,Biochemistry & Molecular Biology
417967,Biochemistry & Molecular Biology;Parasitology
418251,Biochemistry & Molecular Biology
419572,Biochemistry & Molecular Biology;Parasitology
417119,Biochemistry & Molecular Biology
417097,Biochemistry & Molecular Biology
407308,Parasitology;Immunology
407324,Pharmacology & Pharmacy
417087,Biochemistry & Molecular Biology;Parasitology
417114,Biochemistry & Molecular Biology;Parasitology
417085,Biochemistry & Molecular Biology;Parasitology
417106,Biochemistry & Molecular Biology
39241,Rheumatology
37436,Multidisciplinary Sciences
39235,Rheumatology
39242,Rheumatology
15493,"Biochemistry & Molecular Biology;Chemistry, Multidisciplinary"
39252,Genetics & Heredity;Immunology
39243,"Biochemistry & Molecular Biology;Chemistry, Medicinal;Chemistry, Organic"
39233,Rheumatology
157107,Immunology
14712,Cell Biology;Biochemistry & Molecular Biology
39237,Rheumatology
39269,Genetics & Heredity
39218,Oncology
39236,Cell Biology
39226,Gastroenterology & Hepatology
157100,Immunology
157099,Genetics & Heredity
39240,Immunology
39249,Rheumatology
39222,Rheumatology
39225,Biochemistry & Molecular Biology
39263,Genetics & Heredity
157113,Rheumatology
39277,Biochemistry & Molecular Biology
39248,Biochemistry & Molecular Biology;Genetics & Heredity
39276,Multidisciplinary Sciences
98882,Biochemistry & Molecular Biology;Genetics & Heredity
98904,Cell Biology
98934,Cell Biology;Immunology
98925,Biochemistry & Molecular Biology;Genetics & Heredity
98875,Oncology
98932,"Chemistry, Medicinal"
98909,Rheumatology
98917,Biochemistry & Molecular Biology
98900,Immunology
98918,Cell Biology
650491,Infectious Diseases
98935,Parasitology
98884,Immunology
98908,Biochemistry & Molecular Biology;Genetics & Heredity
98871,Biochemistry & Molecular Biology
98924,Gastroenterology & Hepatology
98919,Cell Biology;Biochemistry & Molecular Biology
98886,Rheumatology
98874,Infectious Diseases
157089,Genetics & Heredity;Immunology
98912,Rheumatology
98941,"Chemistry, Organic"
98921,Cell Biology;Biochemistry & Molecular Biology;Immunology
98899,Gastroenterology & Hepatology
98896,Biochemistry & Molecular Biology
98879,Rheumatology
98872,Rheumatology
98915,Microbiology;Pharmacology & Pharmacy
98883,Biochemistry & Molecular Biology;Genetics & Heredity
98940,"Biochemistry & Molecular Biology;Chemistry, Medicinal"
98903,Immunology
98937,Multidisciplinary Sciences
98926,Rheumatology
98885,Biochemistry & Molecular Biology;Neurosciences
98898,Cell Biology;Immunology;Pathology
98906,Rheumatology
98923,Cell Biology;Biochemistry & Molecular Biology
39217,Immunology
39239,Multidisciplinary Sciences
39244,Biochemistry & Molecular Biology
39219,Immunology
39247,Oncology
250191,Cell Biology
39273,Rheumatology
157121,Cell Biology;Immunology;Pathology
39234,"Chemistry, Medicinal"
39238,Rheumatology
39253,"Genetics & Heredity;Biotechnology & Applied Microbiology;Medicine, Research & Experimental"
39260,Hematology
39231,Biochemistry & Molecular Biology
39245,Immunology
157083,Cell Biology;Oncology
39290,Immunology;Neurosciences
39291,Immunology
39285,Biochemistry & Molecular Biology;Genetics & Heredity
39220,Microbiology;Pharmacology & Pharmacy
39268,Gastroenterology & Hepatology
39288,Genetics & Heredity
98907,Genetics & Heredity;Immunology
98877,"Genetics & Heredity;Biotechnology & Applied Microbiology;Medicine, Research & Experimental"
98876,"Genetics & Heredity;Biotechnology & Applied Microbiology;Medicine, Research & Experimental"
157093,Rheumatology
157084,Genetics & Heredity;Immunology
157120,Multidisciplinary Sciences
98895,Biochemistry & Molecular Biology
157110,Cell Biology
98878,"Medicine, General & Internal"
157065,Genetics & Heredity
98911,Immunology
157102,Hematology
98929,Rheumatology
98927,"Chemistry, Medicinal"
39395,Microbiology;Pharmacology & Pharmacy
546095,Biochemistry & Molecular Biology;Biophysics
157063,Pharmacology & Pharmacy
39366,"Pharmacology & Pharmacy;Chemistry, Medicinal"
39332,Genetics & Heredity;Immunology
39362,Immunology;Microbiology;Infectious Diseases
39334,Rheumatology
39331,Immunology
39316,Cardiac & Cardiovascular Systems;Peripheral Vascular Disease
39340,Genetics & Heredity
39349,Cell Biology;Immunology;Pathology
39353,Cell & Tissue Engineering
39232,Rheumatology
39266,Parasitology;Immunology
548801,Genetics & Heredity;Immunology
39322,Biochemistry & Molecular Biology
146959,Genetics & Heredity
39388,Rheumatology
109687,Oncology
98976,Genetics & Heredity
418677,Enfermedades infecciosas
39538,Rheumatology
39524,Rheumatology
157082,Rheumatology
157091,Rheumatology
157081,Rheumatology
157095,Rheumatology
39254,Rheumatology
267439,Rheumatology
267465,Rheumatology
267437,Rheumatology
326591,Rheumatology
353050,Rheumatology
353048,Genetics & Heredity
417905,Parasitology
424207,Parasitology;Tropical Medicine
418175,Cell Biology;Biochemistry & Molecular Biology;Biophysics
460447,Parasitología animal
460610,Parasitología animal
450563,Protistas
450227,Parasitología animal
39365,Oncology
548809,Genetics & Heredity
39333,Microbiology;Pharmacology & Pharmacy
549516,Biochemistry & Molecular Biology;Microbiology
39323,Rheumatology
39384,Rheumatology
39376,Rheumatology
39401,Genetics & Heredity
39364,Multidisciplinary Sciences
39317,Immunology
39355,Rheumatology
39356,"Chemistry, Medicinal"
39385,Rheumatology
39325,Rheumatology
39369,Gastroenterology & Hepatology
39324,Cell Biology;Immunology;Pathology
39400,Immunology
39360,"Biochemistry & Molecular Biology;Chemistry, Medicinal;Chemistry, Organic"
39398,Microbiology;Infectious Diseases;Pharmacology & Pharmacy
39397,"Immunology;Medicine, Research & Experimental"
39361,Parasitology;Tropical Medicine;Infectious Diseases
39368,Microbiology;Pharmacology & Pharmacy
39318,Rheumatology
39386,"Chemistry, Medicinal"
39328,Endocrinology & Metabolism
39399,Cell Biology;Biochemistry & Molecular Biology;Biology
39326,"Biochemistry & Molecular Biology;Chemistry, Multidisciplinary"
157072,"Chemistry, Medicinal"
39327,Rheumatology
39358,"Pharmacology & Pharmacy;Chemistry, Medicinal"
353074,"Chemistry, Medicinal"
353111,Biochemistry & Molecular Biology
353062,Immunology;Microbiology;Infectious Diseases
353070,"Biochemistry & Molecular Biology;Chemistry, Medicinal;Chemistry, Organic"
353066,Biochemistry & Molecular Biology
353089,Genetics & Heredity;Immunology
353107,Biochemistry & Molecular Biology
353079,Genetics & Heredity;Immunology
353094,Cell Biology;Biochemistry & Molecular Biology;Biology
353106,"Pharmacology & Pharmacy;Chemistry, Medicinal;Plant Sciences"
353090,Biochemistry & Molecular Biology
353056,Biochemistry & Molecular Biology;Biophysics
353042,Biochemistry & Molecular Biology;Parasitology
400073,Cell Biology;Immunology;Pathology
863487,Rheumatology
865445,Microbiology
933454,Obstetrics & Gynecology;Reproductive Biology
933451,"Biochemistry & Molecular Biology;Chemistry, Multidisciplinary"
353072,Immunology
353102,Biochemistry & Molecular Biology;Biophysics
361212,Biochemistry & Molecular Biology
353096,Genetics & Heredity;Immunology
361218,Gastroenterology & Hepatology
386107,Biochemistry & Molecular Biology
386119,Cell Biology;Biochemistry & Molecular Biology;Genetics & Heredity;Oncology
386113,Rheumatology
353060,Cell Biology;Biochemistry & Molecular Biology
353058,"Chemistry, Medicinal"
353052,Biochemistry & Molecular Biology;Parasitology
353055,Biochemistry & Molecular Biology;Biophysics
386120,Genetics & Heredity;Immunology
386124,Biochemistry & Molecular Biology
353098,Biochemistry & Molecular Biology;Biophysics
386100,Cell Biology;Biochemistry & Molecular Biology;Biophysics
386110,Cell Biology;Biochemistry & Molecular Biology;Genetics & Heredity;Oncology
386103,Biochemistry & Molecular Biology
386094,Cell Biology;Biochemistry & Molecular Biology
846174,"Biochemistry & Molecular Biology;Chemistry, Multidisciplinary"
845196,"Pharmacology & Pharmacy;Chemistry, Medicinal"
387097,Microbiology;Pharmacology & Pharmacy
387123,Cell Biology;Biochemistry & Molecular Biology;Genetics & Heredity;Oncology
386116,Hematology
386117,Genetics & Heredity;Immunology
387071,Biochemistry & Molecular Biology
387088,Cell Biology;Immunology;Pathology
387069,Biochemistry & Molecular Biology;Immunology
387095,Cell Biology;Immunology;Pathology
387115,"Biochemistry & Molecular Biology;Chemistry, Inorganic & Nuclear"
387078,Immunology
387125,Biochemistry & Molecular Biology
387076,"Chemistry, Medicinal;Chemistry, Organic"
387082,"Chemistry, Medicinal"
387080,Clinical Neurology;Neurosciences
387074,"Chemistry, Medicinal"
393079,Protistas
387127,Rheumatology
387063,Biochemistry & Molecular Biology
387107,Biochemistry & Molecular Biology
387121,Immunology
353067,Rheumatology
353063,Immunology;Neurosciences
352876,Cell Biology
353071,Biochemistry & Molecular Biology
353134,Rheumatology
353109,Cell Biology;Immunology;Pathology
353086,Microbiology;Pharmacology & Pharmacy
353115,Rheumatology
361225,Biochemistry & Molecular Biology;Microbiology
361220,Microbiology
361211,Biochemistry & Molecular Biology
353076,Microbiology;Infectious Diseases;Pharmacology & Pharmacy
353121,Immunology
353084,Cell Biology;Biochemistry & Molecular Biology
353082,Biochemistry & Molecular Biology
353104,Biochemistry & Molecular Biology
353080,Immunology
353100,Rheumatology
386125,Cell Biology;Biochemistry & Molecular Biology;Biophysics
386112,Biochemistry & Molecular Biology;Parasitology
387086,Genetics & Heredity;Immunology
387105,Immunology
386109,Biochemistry & Molecular Biology
386114,Cell Biology;Biochemistry & Molecular Biology
330284,Biochemistry & Molecular Biology;Biophysics
386106,Biochemistry & Molecular Biology;Biophysics
386104,Cell Biology;Immunology
386099,Cell Biology;Immunology;Pathology
387067,Immunology;Neurosciences
400091,Parasitology;Tropical Medicine
400093,Parasitology
400087,Genetics & Heredity
400076,Cell Biology;Biochemistry & Molecular Biology;Genetics & Heredity
400082,Cell Biology;Immunology;Pathology
400088,Rheumatology
400089,Biochemistry & Molecular Biology
400074,Cell Biology
860020,Biochemistry & Molecular Biology
400092,Immunology
400077,Immunology
400085,Genetics & Heredity;Immunology
400075,Parasitology
387119,Cell Biology;Biochemistry & Molecular Biology
387110,Parasitology
400086,Cell Biology;Biochemistry & Molecular Biology;Genetics & Heredity;Oncology
386095,Biochemistry & Molecular Biology;Parasitology
386115,Cell Biology;Biochemistry & Molecular Biology;Biophysics
353108,Biochemistry & Molecular Biology
353113,Biochemistry & Molecular Biology
949534,Cell Biology;Biochemistry & Molecular Biology
950847,Biology
387112,Cell Biology;Biochemistry & Molecular Biology
387084,Biochemistry & Molecular Biology
387099,Biochemistry & Molecular Biology
387091,Microbiology;Pharmacology & Pharmacy
957077,Biochemistry & Molecular Biology
938070,Microbiology
957836,"Biochemistry & Molecular Biology;Chemistry, Multidisciplinary"
843266,Parasitology;Virology;Microbiology
830850,Virology
849655,Rheumatology
841070,Pharmacology & Pharmacy
908322,Multidisciplinary Sciences
831982,Microbiology
961003,"Chemistry, Medicinal;Chemistry, Organic"
854725,"Chemistry, Medicinal"
955822,"Chemistry, Multidisciplinary"
852645,Multidisciplinary Sciences
944106,Cell Biology
400080,Biochemistry & Molecular Biology;Biophysics
206929,Immunology
189106,Biochemistry & Molecular Biology;Biochemical Research Methods
211563,Rheumatology
215802,"Chemistry, Medicinal"
203163,Clinical Neurology;Neurosciences
207645,Multidisciplinary Sciences
501132,Zoology
474979,Zoology
877407,Microbiology
476178,Parasitology
473379,Parasitology
476132,Parasitology;Veterinary Sciences
473242,Parasitology
472625,Parasitology;Veterinary Sciences
472908,Parasitology
473175,Microbiology
471640,Biochemistry & Molecular Biology
471435,Zoology
483998,Zoology
511649,Parasitology
300890,Parasitology
508458,Parasitology
846166,Parasitology
425537,Parasitology
425518,Biochemistry & Molecular Biology
425532,Biochemistry & Molecular Biology
425528,Biochemistry & Molecular Biology
425525,Cell Biology;Immunology
428008,Multidisciplinary Sciences
428005,Biochemistry & Molecular Biology;Parasitology
425536,Biochemistry & Molecular Biology
425535,Biochemistry & Molecular Biology;Immunology
425526,Oncology
428021,Cell Biology;Biochemistry & Molecular Biology;Biophysics
431715,Immunology
425691,Biochemistry & Molecular Biology
425527,Hematology
428026,"Medicine, General & Internal"
457581,Oncology
457578,Immunology
428013,"Immunology;Medicine, Research & Experimental"
428001,Biochemistry & Molecular Biology;Parasitology
428023,Biochemistry & Molecular Biology;Biophysics
444411,Biochemistry & Molecular Biology;Microbiology
465139,Biochemistry & Molecular Biology;Biophysics
457583,"Immunology;Medicine, Research & Experimental"
457579,Immunology
407328,Biochemistry & Molecular Biology;Parasitology
417379,Parasitology
407332,Immunology
417118,Biochemistry & Molecular Biology
417110,Cell Biology;Biochemistry & Molecular Biology;Biophysics
424349,Parasitology;Tropical Medicine
417980,Biochemistry & Molecular Biology
426132,Immunology
443745,Parasitology
442615,Oncology
443174,Biochemistry & Molecular Biology;Biophysics
428028,"Immunology;Medicine, Research & Experimental"
428018,"Immunology;Medicine, Research & Experimental"
494430,Cell Biology;Biochemistry & Molecular Biology;Genetics & Heredity;Oncology
444391,Biochemistry & Molecular Biology
443377,Genetics & Heredity;Immunology
449450,Genetics & Heredity;Immunology
581511,Immunology;Transplantation;Surgery
474253,Parasitology;Veterinary Sciences
475431,Parasitology;Tropical Medicine;Infectious Diseases
428009,Pharmacology & Pharmacy
425533,Immunology
428003,Virology
428006,Microbiology
442104,Biochemistry & Molecular Biology;Biophysics
443023,"Medicine, General & Internal"
417102,Cell Biology
424205,Immunology
425521,Cell Biology;Biochemistry & Molecular Biology
425520,Immunology
433616,Biochemistry & Molecular Biology
425680,Biochemistry & Molecular Biology;Microbiology
428007,Immunology
453726,Parasitología animal
545518,Infectious Diseases
450757,Parasitología
450230,Parasitología animal
39790,Multidisciplinary Sciences
39815,Cardiac & Cardiovascular Systems;Peripheral Vascular Disease
98837,Genetics & Heredity
98827,"Chemistry, Medicinal"
98828,Multidisciplinary Sciences
114784,Biochemistry & Molecular Biology;Genetics & Heredity
39806,"Chemistry, Medicinal"
98825,Rheumatology
98494,Multidisciplinary Sciences
39791,Multidisciplinary Sciences
98823,Pharmacology & Pharmacy
98834,Microbiology;Infectious Diseases;Pharmacology & Pharmacy
39809,Immunology
39803,Multidisciplinary Sciences
98831,Rheumatology
98826,Immunology
98830,Multidisciplinary Sciences
157222,Genetics & Heredity
98842,Cell Biology;Immunology;Pathology
177039,"Medicine, General & Internal"
114782,Biochemistry & Molecular Biology;Microbiology
39807,Rheumatology
37351,Multidisciplinary Sciences
39810,"Infectious Diseases;Chemistry, Medicinal"
172690,Multidisciplinary Sciences
127684,Pharmacology & Pharmacy
127671,Multidisciplinary Sciences
155472,Cell Biology
168745,Multidisciplinary Sciences
196168,Genetics & Heredity
196698,Cell Biology;Oncology
172686,Rheumatology
172696,Pharmacology & Pharmacy
114790,Genetics & Heredity
127665,Cell & Tissue Engineering
127670,Immunology
134514,Microbiology
177056,Biochemistry & Molecular Biology;Genetics & Heredity
196171,Biochemistry & Molecular Biology;Genetics & Heredity
168748,"Chemistry, Medicinal"
157212,Multidisciplinary Sciences
157210,Biochemical Research Methods
172687,Biochemistry & Molecular Biology
172680,Rheumatology
172684,Cell Biology
185766,Immunology
178356,Genetics & Heredity
196699,Neurosciences
185765,Multidisciplinary Sciences
196169,Immunology;Neurosciences
189111,Multidisciplinary Sciences
168743,Neurosciences
172682,Immunology
182624,Virology
189110,Biochemistry & Molecular Biology
172694,Plant Sciences
172691,"Chemistry, Multidisciplinary"
157240,Cell Biology;Oncology
172688,Biochemistry & Molecular Biology
172692,Rheumatology
193581,Immunology;Microbiology
177054,Parasitology;Tropical Medicine;Infectious Diseases
155471,Genetics & Heredity
180092,"Pharmacology & Pharmacy;Chemistry, Medicinal;Plant Sciences"
172685,Multidisciplinary Sciences
172681,"Pharmacology & Pharmacy;Chemistry, Medicinal"
157211,Biochemistry & Molecular Biology;Biophysics
187838,"Pharmacology & Pharmacy;Chemistry, Medicinal;Plant Sciences"
196170,Multidisciplinary Sciences
189112,Immunology;Allergy
168746,Neurosciences
172689,"Chemistry, Medicinal;Chemistry, Organic"
177055,Immunology;Microbiology
172370,"Biochemistry & Molecular Biology;Chemistry, Multidisciplinary"
220031,Multidisciplinary Sciences
209418,Immunology
200746,Parasitology;Tropical Medicine;Infectious Diseases
215801,"Biochemistry & Molecular Biology;Chemistry, Multidisciplinary"
198830,Rheumatology
198733,Cell Biology
220323,Multidisciplinary Sciences
223827,Parasitology
214380,Parasitology;Veterinary Sciences
206868,Microbiology
212255,Genetics & Heredity
200747,Multidisciplinary Sciences
201509,Multidisciplinary Sciences
215799,Multidisciplinary Sciences
259838,Biochemistry & Molecular Biology;Genetics & Heredity
200748,"Chemistry, Multidisciplinary"
215133,Rheumatology
217731,Parasitology
217729,Microbiology;Pharmacology & Pharmacy
221422,Microbiology;Pharmacology & Pharmacy
213492,"Chemistry, Medicinal"
215803,Parasitology;Tropical Medicine
219027,Biochemistry & Molecular Biology
196701,Genetics & Heredity
221121,Multidisciplinary Sciences
197683,Multidisciplinary Sciences
196700,"Chemistry, Medicinal"
221892,Immunology;Allergy
207644,Biochemistry & Molecular Biology
233530,Cell Biology;Biochemistry & Molecular Biology
222026,Parasitology;Tropical Medicine;Infectious Diseases
205015,Multidisciplinary Sciences
222028,"Chemistry, Medicinal"
127676,"Infectious Diseases;Chemistry, Medicinal"
127662,Dermatology
461515,Invertebrados
461691,Invertebrados
461205,Farmacología
606839,Cell Biology;Biochemistry & Molecular Biology;Genetics & Heredity;Oncology
437482,Enfermedades infecciosas
439293,Enfermedades infecciosas
451261,Plaguicidas;Análisis cromatográfico
452488,Parasitología
157227,Multidisciplinary Sciences
39722,Rheumatology
39780,Rheumatology
39717,Genetics & Heredity
39782,Microbiology
141505,Genetics & Heredity
39796,Biochemistry & Molecular Biology;Parasitology
98822,Oncology
157223,Neurosciences;Pharmacology & Pharmacy
39792,Multidisciplinary Sciences
98844,Cell Biology
114785,Genetics & Heredity
114788,Parasitology;Virology;Microbiology
114787,Biochemistry & Molecular Biology;Parasitology
927199,"Chemistry, Multidisciplinary"
98829,Multidisciplinary Sciences
39781,Rheumatology
532228,Parasitology;Tropical Medicine
39698,Biochemistry & Molecular Biology
7393,"Chemistry, Multidisciplinary"
39703,Rheumatology
39708,Biochemistry & Molecular Biology;Genetics & Heredity
202129,Rheumatology
39700,Rheumatology
187833,Biochemistry & Molecular Biology
39785,"Chemistry, Medicinal"
39699,Biochemistry & Molecular Biology;Genetics & Heredity
39783,Multidisciplinary Sciences
39745,Multidisciplinary Sciences
39735,Immunology
39778,Microbiology;Pharmacology & Pharmacy
852418,Rheumatology
39642,Biochemistry & Molecular Biology
39638,Biochemistry & Molecular Biology;Genetics & Heredity
849654,"Chemistry, Medicinal"
846170,Neurosciences
819598,Microbiology
854722,Immunology;Microbiology
851785,"Chemistry, Multidisciplinary"
896255,Pharmacology & Pharmacy
824458,Obstetrics & Gynecology;Reproductive Biology
846173,Rheumatology
852416,Genetics & Heredity
823682,"Pharmacology & Pharmacy;Chemistry, Medicinal"
827403,Neurosciences;Pharmacology & Pharmacy
846172,Immunology
810739,Immunology
824460,Microbiology;Infectious Diseases;Pharmacology & Pharmacy
934300,Immunology;Microbiology
39635,Multidisciplinary Sciences
39666,Cell Biology;Biochemistry & Molecular Biology;Genetics & Heredity;Oncology
14953,"Chemistry, Medicinal"
39654,Parasitology;Tropical Medicine;Infectious Diseases
831981,Clinical Neurology;Neurosciences
855560,Rheumatology
39621,Rheumatology
39649,Immunology
39687,Rheumatology
39605,Multidisciplinary Sciences
39627,Virology
39671,Genetics & Heredity;Biotechnology & Applied Microbiology
39668,Cell Biology;Biochemistry & Molecular Biology
39659,Microbiology;Infectious Diseases;Pharmacology & Pharmacy
39764,Multidisciplinary Sciences
39770,Multidisciplinary Sciences
39775,Microbiology;Pharmacology & Pharmacy
39702,Multidisciplinary Sciences
39767,Parasitology
39771,Multidisciplinary Sciences
39733,Genetics & Heredity
39756,Rheumatology
39693,Multidisciplinary Sciences
39739,Cell Biology;Immunology;Pathology
39634,"Pharmacology & Pharmacy;Chemistry, Medicinal;Plant Sciences"
39637,Multidisciplinary Sciences
39661,Neurosciences
39786,Immunology;Neurosciences
39738,Microbiology
39673,"Pharmacology & Pharmacy;Chemistry, Medicinal"
39632,Microbiology;Pharmacology & Pharmacy
563662,Cell Biology
39601,Hematology
39656,Cell Biology;Immunology
39653,Neurosciences
39672,Genetics & Heredity
39679,Multidisciplinary Sciences
39676,"Pharmacology & Pharmacy;Chemistry, Medicinal"
39669,Rheumatology
39664,Multidisciplinary Sciences
157208,Biochemistry & Molecular Biology
39688,Genetics & Heredity
39610,Rheumatology
39647,Multidisciplinary Sciences
39630,Multidisciplinary Sciences
39691,Immunology
39766,Biochemistry & Molecular Biology
7372,"Biochemistry & Molecular Biology;Chemistry, Medicinal"
39731,Genetics & Heredity
39784,Rheumatology
39723,Rheumatology
39746,Parasitology;Tropical Medicine;Infectious Diseases
39701,Parasitology;Virology;Microbiology
39779,Microbiology;Pharmacology & Pharmacy
39749,Cell Biology;Biochemistry & Molecular Biology
859141,"Chemistry, Multidisciplinary"
534506,Cell Biology;Oncology
908318,"Pharmacology & Pharmacy;Chemistry, Medicinal"
192482,Biochemistry & Molecular Biology
39752,Multidisciplinary Sciences
39694,"Biochemistry & Molecular Biology;Chemistry, Multidisciplinary"
851786,Pharmacology & Pharmacy
39744,Biochemistry & Molecular Biology;Parasitology
39769,Cell Biology;Oncology
39759,Pharmacology & Pharmacy
39718,Genetics & Heredity
39710,Infectious Diseases
39709,"Pharmacology & Pharmacy;Chemistry, Medicinal;Plant Sciences"
39765,Parasitology;Tropical Medicine;Infectious Diseases
39715,Microbiology
39773,Immunology;Allergy
98833,Multidisciplinary Sciences
114794,"Chemistry, Organic"
157239,Gastroenterology & Hepatology
157238,Biochemistry & Molecular Biology
39812,Genetics & Heredity;Biotechnology & Applied Microbiology
98841,Biochemistry & Molecular Biology
39808,Parasitology;Tropical Medicine;Infectious Diseases
39787,Endocrinology & Metabolism
114786,Cell Biology
114792,"Chemistry, Medicinal"
98843,Immunology
39804,Genetics & Heredity;Immunology
157215,Cell Biology;Oncology
97887,"Biochemistry & Molecular Biology;Chemistry, Medicinal"
76915,Oncology
98824,Biochemistry & Molecular Biology;Microbiology
98836,Clinical Neurology;Neurosciences
114445,Cell Biology;Biochemistry & Molecular Biology
39726,Biochemistry & Molecular Biology
39721,Clinical Neurology;Neurosciences
39755,Cell Biology;Immunology
536524,Biochemistry & Molecular Biology
39814,Microbiology;Pharmacology & Pharmacy
98839,Genetics & Heredity
39813,Microbiology;Pharmacology & Pharmacy
39793,Parasitology;Tropical Medicine
39740,"Biochemistry & Molecular Biology;Chemistry, Multidisciplinary"
39714,Genetics & Heredity;Immunology
39720,Microbiology;Pharmacology & Pharmacy
267495,Biochemistry & Molecular Biology;Genetics & Heredity
326578,Genetics & Heredity
326552,Gastroenterology & Hepatology
267507,Genetics & Heredity;Immunology
346099,Cell Biology;Oncology
346140,Biochemistry & Molecular Biology;Biophysics
346139,Biochemistry & Molecular Biology;Biophysics
346116,Parasitology
326586,Genetics & Heredity;Immunology
373214,Rheumatology
326592,Immunology
326599,Biochemistry & Molecular Biology
326598,Immunology
309314,Biochemistry & Molecular Biology
353118,"Chemistry, Medicinal"
361271,Immunology
353124,Immunology;Transplantation;Surgery
398569,"Genetics & Heredity;Biotechnology & Applied Microbiology;Medicine, Research & Experimental"
353133,Cell Biology;Biochemistry & Molecular Biology;Biology
346133,Endocrinology & Metabolism
346108,Immunology;Transplantation;Surgery
346151,Cell Biology;Biochemistry & Molecular Biology
346126,Cell Biology;Biochemistry & Molecular Biology;Biophysics
346101,Biochemistry & Molecular Biology
346102,"Chemistry, Medicinal"
346105,Biochemistry & Molecular Biology
353110,Parasitology
353132,Parasitology
407300,Cell Biology;Immunology;Pathology
326613,Immunology
326556,Biochemistry & Molecular Biology;Immunology
326597,Genetics & Heredity
326612,Gastroenterology & Hepatology
326622,Immunology
326569,Biochemistry & Molecular Biology
326572,Gastroenterology & Hepatology
346136,Neurosciences
346154,Genetics & Heredity
348447,"Biochemistry & Molecular Biology;Chemistry, Medicinal;Chemistry, Organic"
346135,Immunology;Transplantation;Surgery
346100,Rheumatology
326560,Biochemistry & Molecular Biology;Multidisciplinary Sciences;Neurosciences
326628,Cell Biology;Biochemistry & Molecular Biology
326627,Immunology
326616,Rheumatology
346134,Microbiology
346131,Immunology
346137,Biochemistry & Molecular Biology;Parasitology
346155,Immunology
346145,Gastroenterology & Hepatology
346093,"Chemistry, Medicinal"
98995,Rheumatology
157070,Genetics & Heredity
98992,"Biochemistry & Molecular Biology;Chemistry, Medicinal;Chemistry, Organic"
98978,Pathology
98977,Multidisciplinary Sciences
98958,Biochemistry & Molecular Biology;Biophysics
98954,Rheumatology
98972,Oncology
98946,Cell Biology;Biochemistry & Molecular Biology
157074,Oncology
98989,Multidisciplinary Sciences
98982,"Immunology;Medicine, Research & Experimental"
98986,Immunology;Neurosciences
39246,Rheumatology
39228,Biochemistry & Molecular Biology;Genetics & Heredity
39274,Rheumatology
39261,Rheumatology
39255,Rheumatology
177013,Rheumatology
39216,Biochemistry & Molecular Biology
39223,Cell Biology;Biochemistry & Molecular Biology
39279,Rheumatology
39259,Pharmacology & Pharmacy
39256,Infectious Diseases
157112,Rheumatology
39230,Rheumatology
39257,Microbiology
39278,Genetics & Heredity;Immunology
157085,Biochemistry & Molecular Biology
353103,Cell Biology;Biochemistry & Molecular Biology;Biophysics
353073,Biochemistry & Molecular Biology
353069,Cell Biology;Biochemistry & Molecular Biology;Biophysics
353093,Biochemistry & Molecular Biology
353131,Rheumatology
353075,Cell Biology;Biochemistry & Molecular Biology;Biophysics
353120,Biochemistry & Molecular Biology;Genetics & Heredity
353128,Biochemistry & Molecular Biology;Microbiology
330388,Cell Biology;Biochemistry & Molecular Biology;Biophysics
353114,Biochemistry & Molecular Biology
267501,Rheumatology
267500,Cell Biology;Biochemistry & Molecular Biology;Immunology
267488,Rheumatology
326604,"Immunology;Medicine, Research & Experimental"
326602,Biochemistry & Molecular Biology;Multidisciplinary Sciences;Neurosciences
326605,Cell Biology;Biochemistry & Molecular Biology
267503,Immunology
267482,"Pharmacology & Pharmacy;Chemistry, Medicinal;Plant Sciences;Integrative & Complementary Medicine"
346156,Immunology
346115,"Chemistry, Medicinal"
346111,Oncology
346121,Genetics & Heredity;Immunology
346124,"Medicine, General & Internal"
346127,Microbiology
346138,Immunology;Neurosciences
346096,Biochemistry & Molecular Biology;Parasitology
346153,"Biochemistry & Molecular Biology;Chemistry, Medicinal;Chemistry, Organic"
346143,"Biochemistry & Molecular Biology;Chemistry, Medicinal;Chemistry, Organic"
346147,Oncology
326625,"Chemistry, Medicinal"
326618,Infectious Diseases
341057,Biochemistry & Molecular Biology;Biochemical Research Methods
326623,Rheumatology
326565,"Chemistry, Medicinal;Chemistry, Organic"
326610,"Immunology;Medicine, Research & Experimental"
326582,Cell Biology;Biochemistry & Molecular Biology
326607,Hematology
326620,Cell Biology;Biochemistry & Molecular Biology
326635,Parasitology;Immunology
326603,"Chemistry, Medicinal"
326594,Hematology
326629,Cell Biology;Biochemistry & Molecular Biology
326567,Endocrinology & Metabolism;Physiology
326621,Biochemistry & Molecular Biology;Biophysics
326589,Microbiology;Pharmacology & Pharmacy
326614,Biochemistry & Molecular Biology;Multidisciplinary Sciences;Neurosciences
361263,Immunology
353101,Biochemistry & Molecular Biology
353081,Cell Biology;Biochemistry & Molecular Biology;Biology
353095,Microbiology;Pharmacology & Pharmacy
353097,Biochemistry & Molecular Biology;Parasitology
353085,Biochemistry & Molecular Biology;Biophysics
98962,Cell Biology;Biochemistry & Molecular Biology
98944,Microbiology;Pharmacology & Pharmacy
267446,Biochemistry & Molecular Biology
267457,Rheumatology
267487,Rheumatology
267498,Biochemistry & Molecular Biology
98960,Cell Biology
98987,Pharmacology & Pharmacy
98965,Biochemistry & Molecular Biology
98943,"Chemistry, Medicinal"
98979,Rheumatology
92106,Multidisciplinary Sciences
98968,Biochemistry & Molecular Biology;Parasitology
98964,Cell Biology
98933,Biochemistry & Molecular Biology;Genetics & Heredity
98997,Cell Biology;Biochemistry & Molecular Biology
98991,Biochemistry & Molecular Biology;Biophysics
98966,Cell Biology;Immunology;Pathology
98970,Genetics & Heredity;Biotechnology & Applied Microbiology
98959,Immunology
98949,Microbiology;Pharmacology & Pharmacy
98994,Biochemistry & Molecular Biology;Parasitology
98985,Cell Biology;Immunology
98975,Genetics & Heredity;Immunology
267479,Biochemistry & Molecular Biology;Microbiology
267491,Cell Biology;Immunology;Pathology
267492,"Medicine, General & Internal"
267452,"Immunology;Medicine, Research & Experimental"
267445,Immunology;Microbiology;Infectious Diseases
267443,Gastroenterology & Hepatology
278239,Biochemistry & Molecular Biology
278153,Rheumatology
267454,Hematology
267506,Multidisciplinary Sciences
267977,Biochemistry & Molecular Biology
267481,Rheumatology
267512,Genetics & Heredity;Immunology
267466,Biochemistry & Molecular Biology;Biophysics
267467,Genetics & Heredity
267449,Cell Biology
267486,"Chemistry, Medicinal"
267509,Biochemistry & Molecular Biology;Microbiology
267476,Immunology
267468,Cell Biology;Immunology;Pathology
267464,Microbiology;Pharmacology & Pharmacy
267441,Rheumatology
278166,Gastroenterology & Hepatology
157087,Parasitology;Tropical Medicine
98963,Neurosciences
267497,Rheumatology
278199,Immunology
267459,Biochemistry & Molecular Biology
267455,Microbiology;Infectious Diseases;Pharmacology & Pharmacy
267510,Microbiology;Pharmacology & Pharmacy
267442,Cell Biology;Biochemistry & Molecular Biology
278163,Immunology;Transplantation;Surgery
267489,Rheumatology
854734,Parasitology;Tropical Medicine;Infectious Diseases
235622,Parasitology;Tropical Medicine;Infectious Diseases
236531,Rheumatology
250207,Rheumatology
236530,Rheumatology
301589,Rheumatology
270902,Rheumatology
239726,Cell Biology
224454,Parasitology;Tropical Medicine
258919,"Chemistry, Organic"
236536,Clinical Neurology;Neurosciences
265775,Rheumatology
232064,Multidisciplinary Sciences
220628,Pharmacology & Pharmacy
294712,Cell Biology
232066,"Chemistry, Medicinal"
236532,Multidisciplinary Sciences
226467,"Chemistry, Medicinal"
236539,Parasitology;Tropical Medicine
234697,Multidisciplinary Sciences
238676,Immunology
278149,"Biochemistry & Molecular Biology;Chemistry, Multidisciplinary"
233286,Genetics & Heredity
256746,Microbiology
239727,"Pharmacology & Pharmacy;Chemistry, Medicinal"
252752,"Biochemistry & Molecular Biology;Chemistry, Medicinal"
230960,"Medicine, General & Internal"
278224,Genetics & Heredity
222895,Parasitology;Tropical Medicine;Infectious Diseases
209417,Biochemistry & Molecular Biology;Genetics & Heredity
223825,Immunology
172683,Cell Biology;Biochemistry & Molecular Biology
197894,Rheumatology
201770,Rheumatology
222027,Cell Biology;Biochemistry & Molecular Biology;Biology
213392,Cell Biology
212254,Parasitology;Tropical Medicine
213864,Rheumatology
222029,Biochemistry & Molecular Biology;Genetics & Heredity
216391,Microbiology
200749,Rheumatology
221558,"Chemistry, Medicinal"
216681,Immunology
220032,Multidisciplinary Sciences
215454,"Chemistry, Medicinal"
849656,"Chemistry, Medicinal"
224452,Cell Biology;Biochemistry & Molecular Biology;Biophysics
278141,Cell Biology
235253,"Medicine, General & Internal"
238220,Rheumatology
278185,Rheumatology
369663,Rheumatology
818737,Neurosciences
896256,Immunology
854721,"Infectious Diseases;Chemistry, Medicinal"
157219,"Chemistry, Multidisciplinary"
134527,"Chemistry, Medicinal;Chemistry, Organic"
134521,"Biochemistry & Molecular Biology;Chemistry, Multidisciplinary"
127663,Cell Biology
127669,Parasitology;Tropical Medicine
127483,Virology
134524,Biochemistry & Molecular Biology
134525,Multidisciplinary Sciences
134528,Multidisciplinary Sciences
134513,Multidisciplinary Sciences
134515,Parasitology;Tropical Medicine
789036,Microbiology;Pharmacology & Pharmacy
815510,Immunology
134516,Parasitology;Tropical Medicine;Infectious Diseases
589419,Biochemical Research Methods
794730,"Biochemistry & Molecular Biology;Chemistry, Multidisciplinary"
155473,Gastroenterology & Hepatology
133513,Biochemistry & Molecular Biology;Biophysics
802687,Immunology;Neurosciences
628783,"Infectious Diseases;Chemistry, Medicinal"
521557,Biochemical Research Methods
801719,"Chemistry, Medicinal"
490822,"Biochemistry & Molecular Biology;Chemistry, Multidisciplinary"
486178,Immunology;Microbiology
488083,Multidisciplinary Sciences
489328,"Biochemistry & Molecular Biology;Chemistry, Multidisciplinary"
470593,"Chemistry, Medicinal"
422417,Plant Sciences
520571,"Biochemistry & Molecular Biology;Chemistry, Medicinal"
802746,Multidisciplinary Sciences
781797,Rheumatology
807429,Immunology
781820,Rheumatology
801430,Immunology
630197,Rheumatology
488919,Microbiology
489695,Pharmacology & Pharmacy
480174,Genetics & Heredity
478420,Pharmacology & Pharmacy
489324,"Biochemistry & Molecular Biology;Chemistry, Medicinal;Chemistry, Organic"
590748,Clinical Neurology;Neurosciences
494816,Genetics & Heredity
441263,"Chemistry, Medicinal"
484817,Multidisciplinary Sciences
560930,Biochemistry & Molecular Biology
520871,Biochemistry & Molecular Biology;Genetics & Heredity
489321,Multidisciplinary Sciences
471056,Oncology
496617,Biology
487857,Rheumatology
519883,Genetics & Heredity
482474,Multidisciplinary Sciences
480204,Genetics & Heredity;Biotechnology & Applied Microbiology
470968,Biochemistry & Molecular Biology
519724,Pharmacology & Pharmacy
782296,Rheumatology
482472,Cell Biology;Biochemistry & Molecular Biology;Genetics & Heredity;Oncology
500247,Multidisciplinary Sciences
520873,Genetics & Heredity
486376,Rheumatology
481242,Rheumatology
494814,"Medicine, General & Internal"
499274,"Medicine, General & Internal"
499489,Genetics & Heredity
486795,Biochemistry & Molecular Biology
187854,Genetics & Heredity
944108,Rheumatology
196697,Rheumatology
200462,Multidisciplinary Sciences
223829,Rheumatology
157241,Multidisciplinary Sciences
190864,Neurosciences
749492,"Biochemistry & Molecular Biology;Chemistry, Multidisciplinary"
704120,Immunology
801718,Parasitology;Tropical Medicine;Infectious Diseases
533002,Microbiology;Pharmacology & Pharmacy
812526,"Biochemistry & Molecular Biology;Chemistry, Multidisciplinary"
490956,Immunology
480967,Cell & Tissue Engineering
869884,Genetics & Heredity
489691,Endocrinology & Metabolism;Neurosciences
492052,Plant Sciences
488920,"Pharmacology & Pharmacy;Chemistry, Medicinal;Plant Sciences"
488571,Multidisciplinary Sciences
485483,"Infectious Diseases;Chemistry, Medicinal"
488084,Multidisciplinary Sciences
790745,Parasitology;Tropical Medicine
488770,Immunology;Allergy
421166,Biochemical Research Methods
481763,Rheumatology
490821,Immunology
456472,Cell Biology
493370,"Biochemistry & Molecular Biology;Chemistry, Multidisciplinary"
319230,Rheumatology
374883,"Chemistry, Medicinal"
324127,"Chemistry, Multidisciplinary"
494817,Biology
510608,Cell Biology
489322,Microbiology
485481,"Biochemistry & Molecular Biology;Chemistry, Multidisciplinary"
480743,Biochemistry & Molecular Biology
488916,Neurosciences
525113,Biology
485484,Microbiology
302759,Biochemistry & Molecular Biology
369669,Parasitology;Tropical Medicine
311242,Parasitology;Tropical Medicine;Infectious Diseases
369672,Multidisciplinary Sciences
311243,"Biochemistry & Molecular Biology;Chemistry, Inorganic & Nuclear"
456470,"Medicine, General & Internal"
416506,Biochemistry & Molecular Biology
337086,Biochemistry & Molecular Biology
375930,Pharmacology & Pharmacy
319234,Multidisciplinary Sciences
373116,"Chemistry, Medicinal"
319229,Genetics & Heredity
265776,Genetics & Heredity
226648,"Biochemistry & Molecular Biology;Chemistry, Multidisciplinary"
234519,Cell Biology;Biochemistry & Molecular Biology
227920,Oncology
235386,"Chemistry, Multidisciplinary"
278139,"Medicine, General & Internal"
236538,Multidisciplinary Sciences
278182,Cell Biology;Biochemistry & Molecular Biology
236535,"Chemistry, Multidisciplinary"
233029,Biochemical Research Methods
228189,Multidisciplinary Sciences
231491,Plant Sciences
215132,Cell Biology;Biochemistry & Molecular Biology
337088,Rheumatology
226651,Multidisciplinary Sciences
338231,Rheumatology
230795,Cell Biology
291337,Microbiology
557061,Rheumatology
122032,Multidisciplinary Sciences
134526,Multidisciplinary Sciences
134529,Biochemistry & Molecular Biology;Genetics & Heredity
155485,Multidisciplinary Sciences
127666,Gastroenterology & Hepatology
133981,Multidisciplinary Sciences
114791,Genetics & Heredity
234645,"Biochemistry & Molecular Biology;Chemistry, Inorganic & Nuclear"
235583,"Biochemistry & Molecular Biology;Chemistry, Multidisciplinary"
236534,Microbiology
258080,Multidisciplinary Sciences
258918,Immunology;Allergy
114789,Multidisciplinary Sciences
559433,Biochemistry & Molecular Biology;Parasitology
127133,Multidisciplinary Sciences
117715,Biochemical Research Methods
319235,Pharmacology & Pharmacy
381739,Immunology;Microbiology
434191,Multidisciplinary Sciences
302758,Rheumatology
416293,Parasitology;Tropical Medicine;Infectious Diseases
344834,Rheumatology
302762,"Chemistry, Multidisciplinary"
381268,Immunology;Microbiology;Infectious Diseases
456770,"Biochemistry & Molecular Biology;Chemistry, Multidisciplinary"
337084,Rheumatology
369656,Biochemistry & Molecular Biology
374877,Multidisciplinary Sciences
319231,Obstetrics & Gynecology;Reproductive Biology
369664,Multidisciplinary Sciences
369668,Parasitology;Tropical Medicine
399516,Immunology;Microbiology
293502,Rheumatology
374878,Microbiology
302761,"Infectious Diseases;Chemistry, Medicinal"
324126,"Chemistry, Multidisciplinary"
321184,"Chemistry, Inorganic & Nuclear"
319233,Multidisciplinary Sciences
369667,Pharmacology & Pharmacy
399544,Biology
397068,"Biochemistry & Molecular Biology;Chemistry, Multidisciplinary"
456469,Biochemistry & Molecular Biology;Genetics & Heredity
422525,Parasitology;Tropical Medicine;Infectious Diseases
226466,Biochemistry & Molecular Biology
230958,Microbiology
376582,Parasitology;Tropical Medicine
379785,Biochemistry & Molecular Biology
381269,Endocrinology & Metabolism
374879,Cell Biology;Biochemistry & Molecular Biology;Genetics & Heredity;Oncology
421171,Endocrinology & Metabolism
421026,Pharmacology & Pharmacy
478418,Multidisciplinary Sciences
319236,"Pharmacology & Pharmacy;Chemistry, Medicinal"
39557,Cell Biology;Immunology;Pathology
39585,Rheumatology
39518,Genetics & Heredity
39567,Biochemistry & Molecular Biology
39558,Genetics & Heredity
37568,Multidisciplinary Sciences
39572,Genetics & Heredity
39561,Immunology
39522,Biochemistry & Molecular Biology;Parasitology
39581,Genetics & Heredity
39594,Parasitology;Tropical Medicine;Infectious Diseases
39532,Dermatology
39528,Rheumatology
39569,Rheumatology
39540,"Biochemistry & Molecular Biology;Chemistry, Medicinal;Chemistry, Organic"
39589,Multidisciplinary Sciences
39575,Clinical Neurology
39565,Multidisciplinary Sciences
39529,Biochemistry & Molecular Biology
39539,Multidisciplinary Sciences
39598,Multidisciplinary Sciences
39517,Cell Biology;Biochemistry & Molecular Biology;Genetics & Heredity
39563,Cell Biology;Biochemistry & Molecular Biology;Immunology
157205,Biochemical Research Methods
39525,Rheumatology
177018,Cell & Tissue Engineering
39536,Biochemistry & Molecular Biology;Microbiology
39566,Parasitology;Immunology
39527,Multidisciplinary Sciences
39583,Genetics & Heredity
39579,Gastroenterology & Hepatology
39543,Biochemistry & Molecular Biology;Genetics & Heredity
39526,Parasitology
39554,Infectious Diseases
39531,Multidisciplinary Sciences
39562,Multidisciplinary Sciences
39564,Biochemistry & Molecular Biology
39411,Rheumatology
39474,Parasitology;Tropical Medicine
39445,Rheumatology
39547,Multidisciplinary Sciences
39559,Rheumatology
39574,Biochemistry & Molecular Biology
39530,Genetics & Heredity
157192,Cell Biology;Immunology;Pathology
39552,Cell Biology;Immunology;Pathology
39590,"Chemistry, Inorganic & Nuclear"
39577,Microbiology;Pharmacology & Pharmacy
39587,Clinical Neurology
39592,Multidisciplinary Sciences
155482,Microbiology;Pharmacology & Pharmacy
39614,Biochemistry & Molecular Biology;Genetics & Heredity
39663,Obstetrics & Gynecology;Reproductive Biology
919001,Rheumatology
39615,Biochemistry & Molecular Biology
39612,Multidisciplinary Sciences
39609,Parasitology;Virology;Microbiology
39651,"Chemistry, Medicinal"
127681,"Chemistry, Multidisciplinary"
39571,Immunology
39593,Multidisciplinary Sciences
39542,Genetics & Heredity
39546,Biochemistry & Molecular Biology
39633,Parasitology;Virology;Microbiology
39683,Biochemistry & Molecular Biology
39607,Immunology
39678,Parasitology
39629,"Chemistry, Medicinal"
39631,"Biochemistry & Molecular Biology;Chemistry, Inorganic & Nuclear"
39658,Microbiology;Pharmacology & Pharmacy
20793,Multidisciplinary Sciences
39603,Rheumatology
39680,Rheumatology
39519,"Chemistry, Multidisciplinary"
39573,Pharmacology & Pharmacy
39533,Immunology
39578,Multidisciplinary Sciences
39599,Rheumatology
39560,Multidisciplinary Sciences
39670,Cell Biology
39617,Biochemistry & Molecular Biology
21004,Genetics & Heredity
39516,Immunology;Microbiology;Infectious Diseases
234698,Pharmacology & Pharmacy
250189,Parasitology;Tropical Medicine
256748,"Chemistry, Medicinal"
235385,"Chemistry, Inorganic & Nuclear"
230959,Virology
291335,"Medicine, General & Internal"
127674,Multidisciplinary Sciences
236533,"Biochemistry & Molecular Biology;Chemistry, Inorganic & Nuclear"
155484,Cell Biology;Biochemistry & Molecular Biology;Genetics & Heredity;Oncology
577031,Pharmacology & Pharmacy
533201,Rheumatology
704119,Multidisciplinary Sciences
814590,"Biochemistry & Molecular Biology;Chemistry, Multidisciplinary"
793619,Immunology;Microbiology
807319,Genetics & Heredity
560593,Cell Biology
807376,Biochemistry & Molecular Biology
157126,Rheumatology
39494,Rheumatology
39488,Rheumatology
157080,Rheumatology
39451,Rheumatology
39422,Biochemistry & Molecular Biology
39507,Parasitology
39420,Immunology;Microbiology;Infectious Diseases
39439,Rheumatology
39440,Cell Biology;Biochemistry & Molecular Biology;Genetics & Heredity
39466,Biochemistry & Molecular Biology;Genetics & Heredity
39434,Multidisciplinary Sciences
98857,Biochemistry & Molecular Biology;Parasitology
39414,"Pharmacology & Pharmacy;Chemistry, Medicinal;Plant Sciences"
39487,Genetics & Heredity;Immunology
37536,Cell Biology
39473,Microbiology;Pharmacology & Pharmacy
39418,Endocrinology & Metabolism
39504,"Chemistry, Medicinal;Chemistry, Organic"
39437,Microbiology
39430,Cell Biology;Biochemistry & Molecular Biology;Genetics & Heredity
39499,Rheumatology
98847,Genetics & Heredity
39435,Rheumatology
39460,Gastroenterology & Hepatology
39455,Immunology
39462,Rheumatology
39417,Multidisciplinary Sciences
21061,Clinical Neurology;Neurosciences
98864,Biochemistry & Molecular Biology;Genetics & Heredity
39513,Virology
39431,Rheumatology
39421,Cell Biology;Biochemistry & Molecular Biology
98863,Multidisciplinary Sciences
39446,Rheumatology
39450,Cell Biology;Biochemistry & Molecular Biology;Genetics & Heredity
77086,Multidisciplinary Sciences
98854,Genetics & Heredity
98852,Immunology
39425,Rheumatology
39496,Multidisciplinary Sciences
39511,Cell Biology;Biochemistry & Molecular Biology
39453,Cell Biology;Biochemistry & Molecular Biology;Genetics & Heredity
39475,"Chemistry, Medicinal"
39498,Obstetrics & Gynecology;Reproductive Biology
39443,Rheumatology
202132,Rheumatology
39463,Multidisciplinary Sciences
39503,Genetics & Heredity
39492,Rheumatology
39495,Rheumatology
39471,Rheumatology
39454,Rheumatology
39493,Genetics & Heredity;Immunology
39459,Genetics & Heredity;Immunology
39428,Genetics & Heredity;Immunology
39512,"Chemistry, Medicinal;Chemistry, Organic"
98851,Infectious Diseases
39429,Cell Biology
39489,Neurosciences
39456,Multidisciplinary Sciences
39505,Biochemistry & Molecular Biology
39436,Genetics & Heredity
36564,Rheumatology
98853,Rheumatology
98849,Genetics & Heredity;Immunology
39449,Cardiac & Cardiovascular Systems;Peripheral Vascular Disease
39457,Immunology
39502,Multidisciplinary Sciences
98860,Oncology
39465,Rheumatology
98861,Multidisciplinary Sciences
39424,Cell Biology;Immunology;Pathology
39416,Cell Biology;Immunology;Pathology
39444,Immunology
39510,Parasitology;Tropical Medicine;Infectious Diseases
98859,Cell Biology;Biochemistry & Molecular Biology;Immunology
39447,Dermatology
39497,Cell Biology;Immunology
98850,Genetics & Heredity;Immunology
39469,Infectious Diseases
39508,Rheumatology
39415,Biochemistry & Molecular Biology;Genetics & Heredity
39432,Clinical Neurology;Neurosciences
36816,Rheumatology
39461,Multidisciplinary Sciences
39441,Biochemistry & Molecular Biology;Immunology
39472,Rheumatology
39515,Parasitology
39468,Rheumatology
39438,Biochemistry & Molecular Biology;Biophysics
39344,Rheumatology
39380,Biochemistry & Molecular Biology
39390,Genetics & Heredity
39346,Rheumatology
39387,"Chemistry, Multidisciplinary"
549191,Parasitology;Immunology
39381,Multidisciplinary Sciences
39343,Multidisciplinary Sciences
39375,Rheumatology
39378,"Pharmacology & Pharmacy;Chemistry, Medicinal;Plant Sciences;Integrative & Complementary Medicine"
39329,Genetics & Heredity;Immunology
39319,Cell Biology;Immunology;Pathology
39383,Cell Biology;Biochemistry & Molecular Biology;Genetics & Heredity;Oncology
39377,Multidisciplinary Sciences
39350,Infectious Diseases
39339,Cardiac & Cardiovascular Systems;Peripheral Vascular Disease
36044,Cell Biology;Biochemistry & Molecular Biology;Biophysics
418001,Immunology
33443,"Chemistry, Inorganic & Nuclear"
33506,"Chemistry, Inorganic & Nuclear"
67679,"Chemistry, Multidisciplinary"
